id;qr_code;amount;payment_date;description;payment_id
1;weird;30398.56;2024-12-01T23:23:30;regarding rectangular intensely;1
2;pecan;15848.09;2024-12-02T00:54:54;up;2
3;wring;996.88;2024-12-02T07:43:50;fax;3
4;gut;5487.98;2024-12-02T19:10:00;catalyze curl;4
5;hotfoot;18482.77;2024-12-02T11:35:22;uh-huh lumbering;5
6;cheap mushy;24822.92;2024-12-02T05:34:33;likable boo;6
7;vice;31162.16;2024-12-02T17:47:31;cool;7
8;quantify circa chunder;3001;2024-12-01T23:36:55;boo woot wrathful;8
9;snoopy present including;25225.11;2024-12-02T13:29:18;cosset though;9
10;for season;9825.58;2024-12-02T02:52:37;yahoo;10
